"","GEO_LEVEL","GEOID","STATEFP","COUNTYFP","COUNTYNS","NAME.x","NAMELSAD","LSAD","CLASSFP","MTFCC","CSAFP","CBSAFP","METDIVFP","FUNCSTAT","ALAND","AWATER","INTPTLAT","INTPTLON","NAME","year","totalpopE","totalpopM","whiteE","whiteM","blackE","blackM","asianE","asianM","indigE","indigM","othraceE","othraceM","multiE","multiM","ltnxE","ltnxM","povrateE","povrateM","cpovrateE","cpovrateM","hhincE","hhincM","hsmoreE","hsmoreM","bamoreE","bamoreM","gradmoreE","gradmoreM","unempE","unempM","hlthinsE","hlthinsM","pubinsE","pubinsM","earnE","earnM","giniE","giniM","vachseE","vachseM","allhseE","allhseM","snapE","snapM","foreignbE","foreignbM","renter30E","renter30M","homeownE","homeownM","vacrateE","vacrateM","perc_snaphseE","perc_snaphseM","perc_forbE","perc_forbM","schlE","schlM","age17E","age17M","age24E","age24M","age64E","age64M","age65E","age65M","hhinc_blackE","hhinc_blackM","hhinc_asianE","hhinc_asianM","hhinc_multiE","hhinc_multiM","hhinc_whiteE","hhinc_whiteM","hhinc_ltnxE","hhinc_ltnxM","disability_numE","disability_numM","fips","lifeexpE","lifeexpM","lifeexp_blackE","lifeexp_blackM","lifeexp_ltnxE","lifeexp_ltnxM","lifeexp_whiteE","lifeexp_whiteM","lifeexp_asianE","lifeexp_asianM","dissim_wb","dissim_wh","inter_bw","inter_hw","iso_b","iso_h","state","locality","county.nice","TRACTCE","BLKGRPCE","blockgroup","count","tractnames","tract","tr","pop"
"1","Census Tract","51003010100","51","003",NA,NA,"Census Tract 101",NA,NA,"G5020",NA,NA,NA,"S",362819644,1817785,"+38.1992587","-078.6285107","Census Tract 101, Albemarle County, Virginia","2021",4749,581,87.8,6.4,2.9,2.2,0.2,0.3,0,0.3,0,0.8,8.2,4.6,0.8,1,5.3,2.9,0,4.2,88056,15993,91,4.6,51.4,7.2,27.7,6.9,3.3,2.6,93.6,3.2,38.7,7.1,50710,13686,0.532,0.0879,234,132,2132,212,72,75,181,86,27.4,24.2,84,4.4,11,6.1,3.4,0.04,3.8,0.02,81.8,8.6,20.3,3.7,2.4,2.1,52.3,9.04765162901402,25,5.4,NA,NA,NA,NA,NA,NA,NA,NA,NA,NA,714,264.003787851614,NA,NA,NA,NA,NA,NA,NA,NA,NA,NA,NA,0.542,0.375,0.801,0.942,0.059,0.014,"51","003","Albemarle County","010100",NA,NA,"Albemarle","Free Union","010100","101","4749"
"2","Census Tract","51003010201","51","003",NA,NA,"Census Tract 102.01",NA,NA,"G5020",NA,NA,NA,"S",70100840,763005,"+38.1705914","-078.4252562","Census Tract 102.01, Albemarle County, Virginia","2021",5711,642,83.7,5,7,2.7,1.9,1.7,0,0.1,0.4,0.989949493661166,4.4,3.2,2.6,1.9,4.3,4.9,8.2,10.9,96546,11842,97.5,1.8,59.1,5.7,28.2,5.8,3.1,2.8,97.7,1.6,24.2,5.1,48562,2898,0.3804,0.0588,30,49,1979,182,43,45,304,151,25.8,27.2,91.6,4.7,1.5,2.5,2.2,0.02,5.3,0.03,84.7,3.4,30.8,4.2,5.7,2.8,45.3,5.47083174663597,18.2,3.9,NA,NA,NA,NA,NA,NA,NA,NA,NA,NA,206,72.7461339178928,NA,NA,NA,NA,NA,NA,NA,NA,NA,NA,NA,0.624,0.417,0.676,0.735,0.165,0.042,"51","003","Albemarle County","010201",NA,NA,"Albemarle","Charlottesville-Albemarle Airport","010201","102.01","5711"
"3","Census Tract","51003010202","51","003",NA,NA,"Census Tract 102.02",NA,NA,"G5020",NA,NA,NA,"S",57962237,1865628,"+38.1228573","-078.5086278","Census Tract 102.02, Albemarle County, Virginia","2021",3067,390,88.2,5.7,2,2.1,2.4,2.1,0,1.3,1.2,1.91049731745428,1.2,1.2,4.9,4.3,3,2.1,0,6.3,131683,26413,97.9,2,73.6,6.1,39.8,6.7,0.7,0.9,99.2,0.9,26.4,4.4,61602,15566,0.4368,0.0491,114,73,1291,138,18,22,171,115,32.7,28.3,90.7,5.3,8.8,5.6,1.4,0.02,5.6,0.04,94.4,7.1,20,3.8,6.2,4.8,50,9.073036977771,23.8,3.6,NA,NA,NA,NA,NA,NA,NA,NA,NA,NA,250,106.897146828154,NA,NA,NA,NA,NA,NA,NA,NA,NA,NA,NA,0.477,0.375,0.815,0.831,0.036,0.072,"51","003","Albemarle County","010202",NA,NA,"Albemarle","Earlysville","010202","102.02","3067"
"4","Census Tract","51003010301","51","003",NA,NA,"Census Tract 103.01",NA,NA,"G5020",NA,NA,NA,"S",7466902,58183,"+38.1339041","-078.4438526","Census Tract 103.01, Albemarle County, Virginia","2021",2217,453,76,12.8,8.8,8.9,6.3,5.9,0,1.8,0,1.8,2.1,1.9,6.8,6.9,17.1,12.3,23.9,20.3,103462,31111,91.4,6.4,45.8,14.9,23.6,11.1,3.6,5.1,94.1,3.6,21.5,11.2,50929,22237,0.3786,0.0948,13,21,691,129,47,43,304,206,6.7,21.9,82.4,12.3,1.9,3,6.8,0.06,13.7,0.09,73.2,10.3,27.2,5.9,9.1,6.1,53.8,12.86740066991,9.9,5,NA,NA,NA,NA,NA,NA,NA,NA,NA,NA,260,115.680594742593,NA,NA,NA,NA,NA,NA,NA,NA,NA,NA,NA,0,0,0.76,0.76,0.088,0.068,"51","003","Albemarle County","010301",NA,NA,"Albemarle","Berkmar Drive","010301","103.01","2217"
"5","Census Tract","51003010302","51","003",NA,NA,"Census Tract 103.02",NA,NA,"G5020",NA,NA,NA,"S",4230870,46749,"+38.1026080","-078.4455057","Census Tract 103.02, Albemarle County, Virginia","2021",1329,156,70.6,12.3,5.3,5,0,3,0,3,2.4,4.53431361950185,12.6,12.1,9.1,10.4,1.3,2.2,0,8.3,121250,80083,97.5,3.9,61,9.2,22.5,10.9,1.6,2.5,100,3,23.4,8,80302,8950,0.4082,0.0806,0,13,433,40,0,13,92,90,15,17.4,61.4,22.1,0,3,0,0.03,6.9,0.07,94,10,34.8,5.2,4.3,3.9,37.8,10.807404868885,23.3,8,NA,NA,NA,NA,NA,NA,NA,NA,NA,NA,190,83.4805366537614,NA,NA,NA,NA,NA,NA,NA,NA,NA,NA,NA,0,0,0.706,0.706,0.053,0.091,"51","003","Albemarle County","010302",NA,NA,"Albemarle","Polo Grounds Road","010302","103.02","1329"
"6","Census Tract","51003010303","51","003",NA,NA,"Census Tract 103.03",NA,NA,"G5020",NA,NA,NA,"S",12064846,184926,"+38.1265345","-078.4244735","Census Tract 103.03, Albemarle County, Virginia","2021",5478,564,77.2,6.8,3.6,3.1,6.8,4.3,0,0.7,0,0.7,4.6,2.5,7.8,3.5,1.2,1.1,0,2.8,102284,19565,94.3,3.5,53.3,7.5,22.4,5.7,3.3,2.9,95.5,2.5,25,5.6,51353,9098,0.3321,0.0322,44,67,2142,179,38,38,579,201,45.3,21.3,82.2,7.3,2.1,3.1,1.8,0.02,10.6,0.04,88.7,6,26.1,3.3,2.8,1.6,51.9,7.80448588953814,19.4,4.2,NA,NA,NA,NA,NA,NA,NA,NA,NA,NA,525,171.175348692503,NA,NA,NA,NA,NA,NA,NA,NA,NA,NA,NA,0.368,0.163,0.725,0.768,0.052,0.091,"51","003","Albemarle County","010303",NA,NA,"Albemarle","Hollymead","010303","103.03","5478"
"7","Census Tract","51003010401","51","003",NA,NA,"Census Tract 104.01",NA,NA,"G5020",NA,NA,NA,"S",238452942,1202184,"+38.0863283","-078.3124918","Census Tract 104.01, Albemarle County, Virginia","2021",4250,630,88.9,4.8,6.1,3.8,0,0.9,0.6,0.9,0.3,1.0295630140987,0.7,0.7,3.4,2.8,4.9,2.3,0.3,0.6,92286,10269,91.2,3.8,50.2,9.1,16.5,5.4,3.2,1.8,92.4,3.9,26.4,5.5,50625,6640,0.5741,0.0718,258,112,2093,278,57,53,129,95,23.3,12.5,73.1,10.6,12.3,5.1,2.7,0.03,3,0.02,65.9,7.1,18.2,3.7,2.7,1.8,53.4,8.91122887148568,25.7,4.7,NA,NA,NA,NA,NA,NA,NA,NA,NA,NA,501,154.857999470483,NA,NA,NA,NA,NA,NA,NA,NA,NA,NA,NA,0.398,0.296,0.85,0.891,0.106,0.046,"51","003","Albemarle County","010401",NA,NA,"Albemarle","Stony Point-Keswick","010401","104.01","4250"
"8","Census Tract","51003010402","51","003",NA,NA,"Census Tract 104.02",NA,NA,"G5020",NA,NA,NA,"S",48803668,815646,"+37.9920034","-078.3949804","Census Tract 104.02, Albemarle County, Virginia","2021",3329,421,88.8,5.6,2.8,3,3.4,2.4,0.1,0.3,0,1.2,3.9,3.7,1,1.1,2.6,2.5,6.4,5.7,110417,17156,94.3,4.1,61.4,6.8,31.4,6.6,4.1,2.7,97.5,1.8,39.4,5.7,56402,7950,0.4467,0.0554,111,67,1540,150,0,13,138,87,34.7,22.3,85.1,12.4,7.2,4.3,0,0.01,4.1,0.03,91.5,11.3,21.5,5.1,3.2,2.3,43.7,7.32325064435186,31.5,4.8,NA,NA,NA,NA,NA,NA,NA,NA,NA,NA,241,95.7601169589929,NA,NA,NA,NA,NA,NA,NA,NA,NA,NA,NA,0.484,0.756,0.801,0.737,0.057,0.034,"51","003","Albemarle County","010402",NA,NA,"Albemarle","Village of Rivanna","010402","104.02","3329"
"9","Census Tract","51003010501","51","003",NA,NA,"Census Tract 105.01",NA,NA,"G5020",NA,NA,NA,"S",20677623,161947,"+38.0509921","-078.4228160","Census Tract 105.01, Albemarle County, Virginia","2021",2913,498,75.6,11.2,5.6,4.6,15,10.7,0,1.4,0,1.4,1.6,2.1,2.1,2.1,2.6,3.1,0,5.6,135168,18765,98,2.5,67.6,8.5,28.8,8.3,4.9,5.3,97.5,3.2,25.3,9.2,54886,13730,0.3503,0.0462,14,25,1148,184,31,36,164,124,51.4,19.9,84.7,10.9,1.2,2.2,2.7,0.03,5.6,0.04,86.5,7.7,23.8,4.1,2.4,2.7,54.5,11.8486286126286,19.2,6.2,NA,NA,NA,NA,NA,NA,NA,NA,NA,NA,183,110.435501538228,NA,NA,NA,NA,NA,NA,NA,NA,NA,NA,NA,0.107,0.08,0.748,0.79,0.057,0.023,"51","003","Albemarle County","010501",NA,NA,"Albemarle","Darden-Key West","010501","105.01","2913"
"10","Census Tract","51003010502","51","003",NA,NA,"Census Tract 105.02",NA,NA,"G5020",NA,NA,NA,"S",4756823,177750,"+38.0261149","-078.4417487","Census Tract 105.02, Albemarle County, Virginia","2021",2928,412,72.7,6.8,19.2,6.8,2.3,2.1,1,1.8,0,1.4,4.8,2.8,0,1.4,2.6,2.3,0.7,1.4,78193,10588,98.8,1.3,74,8.5,29.7,8.2,1.8,2.9,96.9,3.1,34.5,6.4,54657,8588,0.4262,0.0558,218,133,2007,207,159,117,360,163,46.5,13.4,32,10.5,10.9,6.5,7.9,0.06,12.3,0.05,91.9,19.9,9.7,5.3,2.9,2.5,55.5,10.3951911959329,32,5.8,NA,NA,NA,NA,NA,NA,NA,NA,NA,NA,447,175.045708316428,NA,NA,NA,NA,NA,NA,NA,NA,NA,NA,NA,0.191,0,0.698,0,0.216,0,"51","003","Albemarle County","010502",NA,NA,"Albemarle","Pantops","010502","105.02","2928"
"11","Census Tract","51003010602","51","003",NA,NA,"Census Tract 106.02",NA,NA,"G5020",NA,NA,NA,"S",5252764,67837,"+38.0655504","-078.4583877","Census Tract 106.02, Albemarle County, Virginia","2021",4651,433,82,4.1,8.8,2.9,2.8,2,0,0.9,0,0.9,3.1,3.3,3.3,2.4,8.7,4.3,13.6,10.7,106913,12585,99.8,0.4,69.7,5.5,37.7,6.3,4,3.3,95.8,3.3,29.7,6,59200,8801,0.4094,0.0455,69,70,2246,209,86,66,421,165,38.2,11.3,67.3,5.8,3.1,3.1,3.8,0.03,9.1,0.03,95.1,1.9,20.8,2.7,3.1,1.7,54.3,7.74790294208697,21.7,3.8,NA,NA,NA,NA,NA,NA,NA,NA,NA,NA,457,140.9858148893,NA,NA,NA,NA,NA,NA,NA,NA,NA,NA,NA,0.58,0.299,0.721,0.865,0.205,0.05,"51","003","Albemarle County","010602",NA,NA,"Albemarle","Dunlora-Stone Henge","010602","106.02","4651"
"12","Census Tract","51003010603","51","003",NA,NA,"Census Tract 106.03",NA,NA,"G5020",NA,NA,NA,"S",1468148,5031,"+38.0705362","-078.4748949","Census Tract 106.03, Albemarle County, Virginia","2021",2507,427,82.1,9.1,7.7,5,0.8,1.5,0,1.6,0,1.6,2.7,3.3,6.7,6.1,6.4,7.9,19.8,31.9,50131,11138,95.2,3.5,56.1,9.2,27.5,8.7,3.8,4.2,98.8,1.4,54.7,9.7,38833,14389,0.3649,0.0727,0,13,1303,258,34,41,130,101,74.9,21.3,36,11.9,0,1,2.6,0.03,5.2,0.04,59.9,23,10.1,5.3,20.8,8.9,25.4,8.87073841345804,43.7,9.4,NA,NA,NA,NA,NA,NA,NA,NA,NA,NA,675,234.848887585187,NA,NA,NA,NA,NA,NA,NA,NA,NA,NA,NA,0.038,0.325,0.829,0.786,0.079,0.095,"51","003","Albemarle County","010603",NA,NA,"Albemarle","Branchland","010603","106.03","2507"
"13","Census Tract","51003010604","51","003",NA,NA,"Census Tract 106.04",NA,NA,"G5020",NA,NA,NA,"S",5195747,143233,"+38.0823794","-078.4626570","Census Tract 106.04, Albemarle County, Virginia","2021",4335,455,74.5,9.8,11.4,7,11,6.8,0,0.9,0,0.9,2.4,1.6,0.6,0.8,9.5,6.5,21.9,21.6,102614,10389,93.9,4.9,59.8,7.4,29.7,6.8,6,5.5,97.2,2.1,27.3,6.6,40875,10287,0.4335,0.0589,38,60,1697,188,163,100,406,212,61.7,19.4,64.6,6.8,2.2,3.5,9.6,0.06,9.4,0.05,74.9,10.8,20.4,3,5.5,2.9,55,9.70257697727774,19.2,3.9,NA,NA,NA,NA,NA,NA,NA,NA,NA,NA,414,153.993506356599,NA,NA,NA,NA,NA,NA,NA,NA,NA,NA,NA,0.569,0.621,0.589,0.627,0.281,0.015,"51","003","Albemarle County","010604",NA,NA,"Albemarle","Woodbrook-Carrsbrook","010604","106.04","4335"
"14","Census Tract","51003010701","51","003",NA,NA,"Census Tract 107.01",NA,NA,"G5020",NA,NA,NA,"S",1087624,0,"+38.0695695","-078.4924788","Census Tract 107.01, Albemarle County, Virginia","2021",2722,590,47.5,11.8,27.9,9.3,15.8,7.1,0,1.5,0,1.5,3.7,2.8,5.1,6.3,13.6,10.7,26.6,31.2,45703,10066,93.7,5.1,49,10.1,20,8.6,0,2.7,89,6.4,36.8,11.2,39621,6799,0.4733,0.0754,143,126,1590,317,169,110,741,289,53.2,21,17.9,5.5,9,7.7,10.6,0.07,27.2,0.09,57,17,18.7,7.1,11.9,6.5,53.4,12.6499011853848,16.1,7.1,NA,NA,NA,NA,NA,NA,NA,NA,NA,NA,121,73.0068489937759,NA,NA,NA,NA,NA,NA,NA,NA,NA,NA,NA,0.255,0.352,0.442,0.419,0.303,0.063,"51","003","Albemarle County","010701",NA,NA,"Albemarle","Hydraulic","010701","107.01","2722"
"15","Census Tract","51003010702","51","003",NA,NA,"Census Tract 107.02",NA,NA,"G5020",NA,NA,NA,"S",2103554,8374,"+38.0803690","-078.4894324","Census Tract 107.02, Albemarle County, Virginia","2021",3070,465,66.4,8.1,16.3,7.8,2,2.2,0,1.3,0,1.3,4.3,4.3,11,6.7,12.3,7.5,10.5,13.7,61738,10002,89.4,5.3,48,7.1,21.2,7.1,3.8,5.8,93.7,5.1,30.6,11.2,47969,7584,0.4704,0.1339,184,134,1649,167,96,106,297,175,47,23.1,53.9,10.8,11.2,8,5.8,0.06,9.7,0.06,81.9,36.1,17.6,6.4,6.2,5.1,60,11.3767306375777,16.2,5.5,NA,NA,NA,NA,NA,NA,NA,NA,NA,NA,306,157.203689524133,NA,NA,NA,NA,NA,NA,NA,NA,NA,NA,NA,0.276,0.533,0.615,0.547,0.187,0.21,"51","003","Albemarle County","010702",NA,NA,"Albemarle","Commonwealth-Townwood-Berkmar","010702","107.02","3070"
"16","Census Tract","51003010801","51","003",NA,NA,"Census Tract 108.01",NA,NA,"G5020",NA,NA,NA,"S",2116606,3645,"+38.0587877","-078.5165139","Census Tract 108.01, Albemarle County, Virginia","2021",3404,533,52.7,11.5,14.1,8.5,13.5,7.2,1.1,1.5,0,1.2,2.8,2.5,15.8,11,5.5,4.4,9.3,13,69069,16861,92.3,5.2,56,11.6,26.9,10.4,0.3,0.6,90.6,5.4,43.3,9.3,38772,10262,0.4408,0.0707,75,89,1736,199,26,42,645,294,57.2,16.3,30.1,9.2,4.3,5.1,1.5,0.02,18.9,0.08,72.8,23.6,18,6.5,7.4,4.6,49.8,11.3349018522438,24.8,5.2,NA,NA,NA,NA,NA,NA,NA,NA,NA,NA,483,193.63109254456,NA,NA,NA,NA,NA,NA,NA,NA,NA,NA,NA,0.383,0.383,0.418,0.422,0.2,0.209,"51","003","Albemarle County","010801",NA,NA,"Albemarle","Barracks-Hessian Hills","010801","108.01","3404"
"17","Census Tract","51003010802","51","003",NA,NA,"Census Tract 108.02",NA,NA,"G5020",NA,NA,NA,"S",11628270,332053,"+38.0822413","-078.5025940","Census Tract 108.02, Albemarle County, Virginia","2021",2582,340,54,8.6,23.1,12.7,1.2,1.2,1.3,4.7,0,1.5,0.2,0.5,20.3,14,12.8,10.6,27.8,26.2,81129,25812,87.7,7.8,57.8,14.6,32.2,13.6,1.1,2,78.4,12.9,24.4,11,35167,11299,0.4895,0.0707,99,112,1105,160,126,128,542,383,53.3,21.2,34.4,9.1,9,10.1,11.4,0.11,21,0.15,74.4,10.2,23.7,7.8,9.7,5.2,54.1,11.7741241712494,12.5,6.1,NA,NA,NA,NA,NA,NA,NA,NA,NA,NA,328,197.436065600994,NA,NA,NA,NA,NA,NA,NA,NA,NA,NA,NA,0.116,0.31,0.546,0.526,0.249,0.271,"51","003","Albemarle County","010802",NA,NA,"Albemarle","Albemarle High School","010802","108.02","2582"
"18","Census Tract","51003010901","51","003",NA,NA,"Census Tract 109.01",NA,NA,"G5020",NA,NA,NA,"S",1511922,6783,"+38.0489013","-078.5150609","Census Tract 109.01, Albemarle County, Virginia","2021",1706,411,65.9,15.3,5.2,4,21.3,16.6,0.4,0.6,0.8,2.59422435421457,2.6,2.2,3.8,4.3,30.8,7.4,33.3,47.4,42778,14902,99.6,0.7,91.1,3.5,34.9,7,2.2,2.1,95.4,3.4,13.6,4.6,21864,6995,0.5229,0.0567,89,53,795,98,6,9,503,361,48.9,9.2,19.7,6.7,11.2,6.5,0.8,0.01,29.5,0.2,95.7,7.9,1.2,0.9,28.2,6.2,59.6,9.57287835501945,11,3.7,NA,NA,NA,NA,NA,NA,NA,NA,NA,NA,148,63.8200595424354,NA,NA,NA,NA,NA,NA,NA,NA,NA,NA,NA,0.621,0.273,0.433,0.613,0.095,0.039,"51","003","Albemarle County","010901",NA,NA,"Albemarle","Old Ivy-Darden School (UVA)","010901","109.01","1706"
"19","Census Tract","51003010904","51","003",NA,NA,"Census Tract 109.04",NA,NA,"G5020",NA,NA,NA,"S",3104552,3258,"+38.0375624","-078.5178526","Census Tract 109.04, Albemarle County, Virginia","2021",7678,1364,58.3,6.1,8.9,2.6,17.3,4.1,0,0.5,0.1,0.509901951359279,6,2.1,9.5,3.5,23.8,11.2,27.6,26.3,41875,10247,85.8,7.3,48.7,13.8,37.4,11.7,5.9,3.5,96.3,1.8,6.5,2.5,3203,835,0.5091,0.0792,58,56,581,161,19,24,1246,302,53.8,11.3,7.6,4.5,10,9.2,3.3,0.04,16.2,0.03,98.9,2.8,5,2.3,83.2,5.2,11,3.02985148150862,0.8,0.4,NA,NA,NA,NA,NA,NA,NA,NA,NA,NA,95,73.5187051028512,NA,NA,NA,NA,NA,NA,NA,NA,NA,NA,NA,0.058,0.223,0.581,0.571,0.09,0.112,"51","003","Albemarle County","010904",NA,NA,"Albemarle","Carr's Hill-McCormick Road (UVA)","010904","109.04","7678"
"20","Census Tract","51003011000","51","003",NA,NA,"Census Tract 110",NA,NA,"G5020",NA,NA,NA,"S",75890405,885896,"+38.0595419","-078.5833277","Census Tract 110, Albemarle County, Virginia","2021",6826,844,88.7,4.6,0.6,0.7,4.6,2.7,0.1,0.2,0,0.6,1.6,1.3,4.4,3.7,2.7,1.7,3.3,3.8,164272,11516,97.3,2.4,79.7,5.5,42.6,4.5,5.6,4.9,94.7,4.1,23.9,4.6,74481,12288,0.4626,0.0592,301,193,2943,367,24,28,727,285,17.8,18.7,90,5.4,10.2,6.4,0.8,0.01,10.7,0.04,92.9,6.2,23.3,4.4,3,1.5,50,7.94292137692424,23.5,4.5,NA,NA,NA,NA,NA,NA,NA,NA,NA,NA,360,190.643646628992,NA,NA,NA,NA,NA,NA,NA,NA,NA,NA,NA,0.434,0.556,0.868,0.831,0.012,0.15,"51","003","Albemarle County","011000",NA,NA,"Albemarle","Ivy","011000","110","6826"
"21","Census Tract","51003011101","51","003",NA,NA,"Census Tract 111.01",NA,NA,"G5020",NA,NA,NA,"S",16243105,526248,"+38.0787245","-078.6832780","Census Tract 111.01, Albemarle County, Virginia","2021",1881,302,95.4,4,2.9,3.1,0.6,1.4,0,2.1,0,2.1,1.1,1.5,0,2.1,5.8,6.7,0,9.3,75714,33240,93.4,6.6,54.5,16.4,23.2,13,2.9,4.2,98.7,2.2,20.4,6.1,52943,9123,0.4252,0.1133,305,141,1131,106,0,13,12,25,10.4,15.7,79.1,5.1,27,12.2,0,0.01,0.6,0.01,95.4,10.9,21.8,6.8,1.8,2.4,57.2,15.1400132100339,19.3,5,NA,NA,NA,NA,NA,NA,NA,NA,NA,NA,44,48.7647413609464,NA,NA,NA,NA,NA,NA,NA,NA,NA,NA,NA,0.32,0,0.934,0,0.042,0,"51","003","Albemarle County","011101",NA,NA,"Albemarle","Crozet-Beaver Creek","011101","111.01","1881"
"22","Census Tract","51003011102","51","003",NA,NA,"Census Tract 111.02",NA,NA,"G5020",NA,NA,NA,"S",5719248,22207,"+38.0597504","-078.6800326","Census Tract 111.02, Albemarle County, Virginia","2021",2892,428,90.7,4.9,0,1.4,1.7,2,3.5,2.9,0.6,1.66433169770932,2.7,3.1,0.9,1.8,5,4,0,5.3,103816,38757,82.3,10.9,63.2,11.9,35.3,10.1,6.1,6.5,99.8,1,20.6,6.7,61538,28910,0.3576,0.0514,0,13,1106,194,15,24,181,160,0,10.3,77.1,16.6,0,1.2,1.4,0.02,6.3,0.05,73.8,28.8,25.3,5.2,9,5.8,53.2,12.5753727578947,12.5,4.5,NA,NA,NA,NA,NA,NA,NA,NA,NA,NA,79,67.8969807870718,NA,NA,NA,NA,NA,NA,NA,NA,NA,NA,NA,0,0.409,0,0.973,0,0.016,"51","003","Albemarle County","011102",NA,NA,"Albemarle","Western Ridge-Westhall","011102","111.02","2892"
"23","Census Tract","51003011103","51","003",NA,NA,"Census Tract 111.03",NA,NA,"G5020",NA,NA,NA,"S",20104381,198357,"+38.0535625","-078.7031785","Census Tract 111.03, Albemarle County, Virginia","2021",3773,584,91.2,4.6,2.1,2.2,3.3,3.3,0,1.1,0.4,1.30384048104053,1.1,1.4,1.9,1.9,4.7,5.1,2.8,4.4,133068,30217,97.4,2.6,71.5,7.5,42,8.7,3.6,4.9,97.4,2.4,27.4,8.9,63393,25495,0.5029,0.0707,212,119,1640,168,83,98,227,142,49.2,30.8,78.5,7.5,12.9,7.1,5.1,0.06,6,0.04,93.8,4.5,32.8,3.4,2.9,3,45.9,9.13783344124853,18.5,3.7,NA,NA,NA,NA,NA,NA,NA,NA,NA,NA,374,158.826949854236,NA,NA,NA,NA,NA,NA,NA,NA,NA,NA,NA,0.567,0.375,0.896,0.894,0.049,0.031,"51","003","Albemarle County","011103",NA,NA,"Albemarle","Old Trail","011103","111.03","3773"
"24","Census Tract","51003011201","51","003",NA,NA,"Census Tract 112.01",NA,NA,"G5020",NA,NA,NA,"S",224233256,513051,"+38.0048212","-078.7330974","Census Tract 112.01, Albemarle County, Virginia","2021",4138,534,88.1,5.7,5.2,3.9,0.5,0.7,0.1,0.2,0,1,0.7,0.9,5.4,4.5,5,4.2,7.1,8.8,92169,15536,96.2,2.1,60.1,7.4,27.3,6.4,1.9,1.8,94.7,2.8,22.6,5.9,40752,4433,0.4936,0.0649,309,126,2036,200,0,13,134,81,42.7,16,79.4,6.7,15.2,6,0,0.01,3.2,0.02,78.3,6.6,22.9,4.7,7.6,4,54.7,8.64060183089118,15,4,NA,NA,NA,NA,NA,NA,NA,NA,NA,NA,239,91.8803569866813,NA,NA,NA,NA,NA,NA,NA,NA,NA,NA,NA,0.386,0.392,0.798,0.796,0.096,0.101,"51","003","Albemarle County","011201",NA,NA,"Albemarle","Yancey Mills, Batesville","011201","112.01","4138"
"25","Census Tract","51003011202","51","003",NA,NA,"Census Tract 112.02",NA,NA,"G5020",NA,NA,NA,"S",94763736,319058,"+37.9739363","-078.6046919","Census Tract 112.02, Albemarle County, Virginia","2021",3688,397,87.8,4.3,2.9,2.3,3.9,2.2,0,1.1,0,1.1,2.5,2.8,3,2,5.2,3.7,4.6,6.5,139543,25635,92.7,3.4,66.9,6.1,38.5,7.2,3,1.9,94.9,2.7,24.5,5.6,71156,8960,0.4824,0.0529,135,76,1550,134,43,31,375,130,20.9,21.7,87.5,4.9,8.7,4.8,2.8,0.02,10.2,0.03,92.1,7.1,26.2,3.9,2.6,1.5,52,7.26636084983398,19.3,3.3,NA,NA,NA,NA,NA,NA,NA,NA,NA,NA,300,112.307613277106,NA,NA,NA,NA,NA,NA,NA,NA,NA,NA,NA,0.284,0.272,0.855,0.857,0.045,0.04,"51","003","Albemarle County","011202",NA,NA,"Albemarle","North Garden","011202","112.02","3688"
"26","Census Tract","51003011301","51","003",NA,NA,"Census Tract 113.01",NA,NA,"G5020",NA,NA,NA,"S",261053433,1044085,"+37.9212171","-078.4894785","Census Tract 113.01, Albemarle County, Virginia","2021",5323,607,81.6,8.2,9.4,7.2,5.2,3.9,0,0.7,0,0.7,1.7,1.4,2.1,2.3,3,2,0.9,1.7,96533,11911,91.6,3.4,44.4,7.9,19,5.5,0.9,1.4,94.5,2.9,25.4,5.7,44064,4666,0.3771,0.0612,189,124,2276,196,27,31,413,241,17.2,12.6,81.8,5.5,8.3,5.4,1.2,0.01,7.8,0.04,76.7,11.7,14.4,3.6,5.5,2.6,62,9.05704145954958,18.2,4.3,NA,NA,NA,NA,NA,NA,NA,NA,NA,NA,542,186.424247349963,NA,NA,NA,NA,NA,NA,NA,NA,NA,NA,NA,0.38,0.657,0.742,0.715,0.156,0.067,"51","003","Albemarle County","011301",NA,NA,"Albemarle","Monticello, Carters Mountain","011301","113.01","5323"
"27","Census Tract","51003011302","51","003",NA,NA,"Census Tract 113.02",NA,NA,"G5020",NA,NA,NA,"S",2982131,2562,"+38.0051515","-078.5174130","Census Tract 113.02, Albemarle County, Virginia","2021",4696,715,55,9.1,7.9,4,8.5,6.5,1.5,1.9,0,0.8,1.4,1,25.6,7,20.7,7.3,21.3,21.9,66056,13185,89.3,5.2,51.6,9.6,28,6,5,2.9,82.6,5.7,19.6,6.2,38096,10742,0.3951,0.0418,83,75,1853,222,96,85,1495,423,30,8,23.8,6.5,4.5,4,5.2,0.05,31.8,0.08,66.9,9.7,15.7,3.8,23,6.4,56.3,9.53729521405309,5,1.8,NA,NA,NA,NA,NA,NA,NA,NA,NA,NA,284,117.957619508025,NA,NA,NA,NA,NA,NA,NA,NA,NA,NA,NA,0.218,0.693,0.608,0.336,0.11,0.59,"51","003","Albemarle County","011302",NA,NA,"Albemarle","Oak Hill, Southwood","011302","113.02","4696"
"28","Census Tract","51003011303","51","003",NA,NA,"Census Tract 113.03",NA,NA,"G5020",NA,NA,NA,"S",5780905,73339,"+38.0032528","-078.4879779","Census Tract 113.03, Albemarle County, Virginia","2021",4164,508,69.8,6.2,13.7,4.2,5,2.5,0,1,1.4,2.14709105535839,2.6,1.7,7.6,3.7,6.7,3.9,5.7,8.5,86223,13183,92.6,2.7,62.4,6.7,30.6,6.1,0.4,0.6,92.2,4.5,21.6,4.4,48133,9243,0.3711,0.0391,51,61,1753,212,8,12,426,143,49.2,16.3,51.5,7.4,2.9,3.5,0.5,0.01,10.2,0.03,78.2,11.5,19,3.6,6.7,2.1,58.7,8.76584280032445,15.6,3.4,NA,NA,NA,NA,NA,NA,NA,NA,NA,NA,372,163.260527991306,NA,NA,NA,NA,NA,NA,NA,NA,NA,NA,NA,0.052,0.148,0.697,0.684,0.137,0.079,"51","003","Albemarle County","011303",NA,NA,"Albemarle","Avon Street Ext.-Mill Creek","011303","113.03","4164"
"29","Census Tract","51003011400","51","003",NA,NA,"Census Tract 114",NA,NA,"G5020",NA,NA,NA,"S",298437966,2974952,"+37.8363016","-078.6231642","Census Tract 114, Albemarle County, Virginia","2021",5431,625,68,6,26.3,5.9,0.2,0.2,0,0.7,1.1,1.7464249196573,0.3,0.4,4,4.7,6.8,3.2,9.6,8.9,76926,8844,82.7,4.8,33.2,6.4,14.1,4.6,5.3,3.7,89.6,4.3,38.1,6.5,39890,4840,0.3942,0.0377,219,89,2215,208,202,109,274,194,24.7,13.4,81.9,7.2,9.9,3.9,9.1,0.05,5,0.04,81.3,5.2,21.3,4.1,5.1,2.9,51.9,7.53591401224828,21.7,4,NA,NA,NA,NA,NA,NA,NA,NA,NA,NA,714,140.335312733467,NA,NA,NA,NA,NA,NA,NA,NA,NA,NA,NA,0.286,0.699,0.637,0.589,0.322,0.195,"51","003","Albemarle County","011400",NA,NA,"Albemarle","Southern Albemarle-Scottsville","011400","114","5431"
"30","Census Tract","51065020101","51","065",NA,NA,"Census Tract 201.01",NA,NA,"G5020",NA,NA,NA,"S",111925056,1236961,"+37.9429399","-078.2669199","Census Tract 201.01, Fluvanna County, Virginia","2021",6381,723,73.1,4.5,18.2,4.3,2.5,1.5,0.4,0.3,0.3,0.721110255092798,2.6,1.4,2.9,1.6,5.8,3.3,10.9,6.8,90288,7556,88.2,3.2,20.9,4.2,6.7,2.1,1.5,1.4,87.5,6,24.1,6.4,34716,7978,0.3494,0.033,149,91,2077,212,0,19,190,100,14.3,12.2,84.8,2.4,7.2,4.3,0,0.01,3,0.02,75,10.8,15.5,3.7,7.2,2.6,63.4,7.04556598152342,14,2.6,NA,NA,NA,NA,NA,NA,NA,NA,NA,NA,575,193.191614724863,NA,NA,NA,NA,NA,NA,NA,NA,NA,NA,NA,0.018,0.366,0.732,0.716,0.183,0.045,"51","065","Fluvanna County","020101",NA,NA,"Fluvanna","Palmyra","020101","201.01","6381"
"31","Census Tract","51065020103","51","065",NA,NA,"Census Tract 201.03",NA,NA,"G5020",NA,NA,NA,"S",6456499,737207,"+37.9047083","-078.3207392","Census Tract 201.03, Fluvanna County, Virginia","2021",3425,464,80.5,9.8,10.4,7.9,0,1.2,0,1.2,0.7,1.62788205960997,2.8,3.1,5.6,5.2,2.9,2.5,0,6.2,91827,15788,97.3,3,49.7,9.7,25.2,8.3,0.5,1,93.1,6.9,30,5.8,48162,8052,0.6871,0.1982,105,74,1583,183,23,34,70,63,22.8,27.4,91.7,5.6,6.6,4.6,1.5,0.02,2,0.02,66.3,18.1,18.2,3.4,6.5,2.7,45.7,9.67005687677172,29.6,5.2,NA,NA,NA,NA,NA,NA,NA,NA,NA,NA,621,206.46065000382,NA,NA,NA,NA,NA,NA,NA,NA,NA,NA,NA,0.132,0.13,0.794,0.794,0.109,0.059,"51","065","Fluvanna County","020103",NA,NA,"Fluvanna","Lake Monticello","020103","201.03","3425"
"32","Census Tract","51065020104","51","065",NA,NA,"Census Tract 201.04",NA,NA,"G5020",NA,NA,NA,"S",15587127,836682,"+37.9297828","-078.3347456","Census Tract 201.04, Fluvanna County, Virginia","2021",6269,597,82.4,4.6,6.5,3.1,0.4,0.4,0,0.6,0.3,0.781024967590665,4.4,2.8,5.9,2.9,4.6,2.8,6.6,5.7,82958,4868,99.1,0.9,56.6,6,23,5.2,1.2,1.3,95,3.2,28.6,5.5,47703,5129,0.3288,0.0313,165,118,2570,219,17,28,274,112,71.4,36.8,97.1,11.8,6.4,4.6,0.7,0.01,4.4,0.02,72,3.7,26.6,3.4,4.1,1.8,51.1,7.0327803890069,18.1,2.8,NA,NA,NA,NA,NA,NA,NA,NA,NA,NA,643,193.165731950571,NA,NA,NA,NA,NA,NA,NA,NA,NA,NA,NA,0.27,0.035,0.788,0.829,0.086,0.06,"51","065","Fluvanna County","020104",NA,NA,"Fluvanna","Rivanna","020104","201.04","6269"
"33","Census Tract","51065020200","51","065",NA,NA,"Census Tract 202",NA,NA,"G5020",NA,NA,NA,"S",346200137,3562508,"+37.8251550","-078.1999338","Census Tract 202, Fluvanna County, Virginia","2021",5462,628,67.7,4.9,23.1,5.4,0,0.7,0,0.7,0,0.7,5.4,5,3.8,3,5,2.3,0.1,0.2,64369,14945,94,3.2,32.6,7.6,7.2,3.3,2.9,2,93.5,4.6,33,6.5,39109,3173,0.4326,0.0414,322,167,2484,227,139,72,163,123,12.4,9.2,73.6,5.4,13,6.6,5.6,0.03,3,0.02,68.4,13.1,17.6,3.2,7.5,2.6,50.5,7.00856618717409,24.5,4.3,NA,NA,NA,NA,NA,NA,NA,NA,NA,NA,817,228.234528500838,NA,NA,NA,NA,NA,NA,NA,NA,NA,NA,NA,0.164,0.319,0.654,0.631,0.261,0.052,"51","065","Fluvanna County","020200",NA,NA,"Fluvanna","Columbia/Fork Union","020200","202","5462"
"34","Census Tract","51065020300","51","065",NA,NA,"Census Tract 203",NA,NA,"G5020",NA,NA,NA,"S",263461588,4373666,"+37.8171717","-078.3667673","Census Tract 203, Fluvanna County, Virginia","2021",5541,641,81.7,6.8,12.9,5.1,0.4,0.5,0,0.7,2.2,3.3734255586866,1.5,1.1,1.3,1.5,4.1,2.3,2.5,3.2,90438,13327,90.9,4.1,28.4,6.4,9.8,3.2,6.7,4.6,90.7,3.1,32.4,5.3,37660,4983,0.4519,0.0637,341,140,2347,215,107,82,183,127,26.5,18.6,82.9,6.3,14.5,5.8,4.6,0.03,3.3,0.02,81.4,2.9,21.3,3.4,6.2,2.7,54.6,7.56042326857432,18.1,3.3,NA,NA,NA,NA,NA,NA,NA,NA,NA,NA,602,186.306199574786,NA,NA,NA,NA,NA,NA,NA,NA,NA,NA,NA,0.278,0.268,0.792,0.858,0.17,0.023,"51","065","Fluvanna County","020300",NA,NA,"Fluvanna","Cunningham","020300","203","5541"
"35","Census Tract","51079030101","51","079",NA,NA,"Census Tract 301.01",NA,NA,"G5020",NA,NA,NA,"S",150393559,603048,"+38.3537932","-078.4477582","Census Tract 301.01, Greene County, Virginia","2021",3650,369,84.6,5.3,7.3,5,0.7,1,0,1.1,0.5,1.25299640861417,3.6,2.5,3.3,2.5,10.7,3.5,14.2,9.2,63906,8546,78.3,5.6,21.1,5.8,9,3.1,4,2.6,86.1,5.3,44.9,6,38321,10994,0.4717,0.0712,387,139,1901,158,253,105,98,62,32,11,82,5,20.4,7.1,13.3,0.05,2.7,0.02,65.4,8,19.3,4.3,5.1,2.5,50,7.88289287000654,25.5,4.6,NA,NA,NA,NA,NA,NA,NA,NA,NA,NA,674,149.174394585666,NA,NA,NA,NA,NA,NA,NA,NA,NA,NA,NA,0.033,0.522,0.845,0.801,0.073,0.065,"51","079","Greene County","030101",NA,NA,"Greene","Stanardsville","030101","301.01","3650"
"36","Census Tract","51079030102","51","079",NA,NA,"Census Tract 301.02",NA,NA,"G5020",NA,NA,NA,"S",165206925,600390,"+38.2761778","-078.5279748","Census Tract 301.02, Greene County, Virginia","2021",5064,472,76.3,5.8,5.8,3.3,4.2,2.4,0.2,0.4,0,0.8,6.9,2.8,6.6,4.3,15.1,6.5,29.5,11.5,58739,12957,89.6,4.9,24.6,7.4,8.4,3.7,6.4,4.6,90.5,4.1,44.2,6.7,28655,5960,0.4235,0.054,402,221,2307,201,286,167,207,113,25.5,14.4,80.6,6.5,17.4,9.5,12.4,0.07,4.1,0.02,76,7.7,20.7,4,7.9,3.2,51.5,8.49176071259665,19.9,4.3,NA,NA,NA,NA,NA,NA,NA,NA,NA,NA,816,203.273215156351,NA,NA,NA,NA,NA,NA,NA,NA,NA,NA,NA,0.3,0.378,0.734,0.713,0.082,0.103,"51","079","Greene County","030102",NA,NA,"Greene","Monroe","030102","301.02","5064"
"37","Census Tract","51079030201","51","079",NA,NA,"Census Tract 302.01",NA,NA,"G5020",NA,NA,NA,"S",26395025,198726,"+38.2118711","-078.3762468","Census Tract 302.01, Greene County, Virginia","2021",7494,602,74.5,4.9,6.9,2.5,2.5,1.5,0.3,0.4,3.7,3.53553390593274,1,1,11,2.6,8.6,4.8,15.7,10.5,96583,15111,91.8,2.6,43.5,5.5,19,4.6,5,3,94.6,4.2,25.2,5.1,45054,5622,0.3313,0.0397,84,76,2787,214,140,101,441,184,31.3,14.7,76.6,5.3,3,2.7,5,0.04,5.9,0.02,79.5,4.5,26.1,2.8,8.1,2.7,48.4,6.30793151516406,17.4,3.4,NA,NA,NA,NA,NA,NA,NA,NA,NA,NA,888,276.438058161318,NA,NA,NA,NA,NA,NA,NA,NA,NA,NA,NA,0.298,0.46,0.823,0.653,0.11,0.198,"51","079","Greene County","030201",NA,NA,"Greene","Midway","030201","302.01","7494"
"38","Census Tract","51079030202","51","079",NA,NA,"Census Tract 302.02",NA,NA,"G5020",NA,NA,NA,"S",61905412,278079,"+38.2424898","-078.3861260","Census Tract 302.02, Greene County, Virginia","2021",4166,604,91.8,4.8,4.5,4.6,0,1,0,1,0.4,1.22065556157337,3.3,2.8,0,1,6.1,6.1,11,13.9,67323,15864,90.7,4.6,14.9,7.1,3.1,2.8,0,1.6,93.3,3.9,23.5,8.3,35091,4950,0.3848,0.0668,14,23,1425,203,131,97,88,103,7,14.3,82.7,10.5,1,1.6,9.2,0.07,2.1,0.02,80.1,8.2,27.9,3.7,4.8,3.2,57.7,10.087120500916,9.6,3.6,NA,NA,NA,NA,NA,NA,NA,NA,NA,NA,413,216.679486800205,NA,NA,NA,NA,NA,NA,NA,NA,NA,NA,NA,0.431,0,0.894,0,0.077,0,"51","079","Greene County","030202",NA,NA,"Greene","Ruckersville","030202","302.02","4166"
"39","Census Tract","51109950101","51","109",NA,NA,"Census Tract 9501.01",NA,NA,"G5020",NA,NA,NA,"S",80458698,12681090,"+37.9811437","-077.7530502","Census Tract 9501.01, Louisa County, Virginia","2021",2699,510,91.5,6.9,0.2,0.7,1.3,1.3,0,1.5,1.4,2.83019433961698,3.5,4.2,2.1,2.6,6,5.6,0,5.8,87702,19835,92.8,4.5,35.4,10.5,14.3,6.5,0,4,96.1,4.1,33.9,10.5,47833,21380,0.3984,0.0549,413,107,1452,169,0,13,112,90,48,37.3,88.2,11,28.4,6.6,0,0.01,4.1,0.03,72,14.1,24.9,7.3,3.9,3.1,48.2,12.3915293648524,23.1,5.5,NA,NA,NA,NA,NA,NA,NA,NA,NA,NA,299,125.797456254091,NA,NA,NA,NA,NA,NA,NA,NA,NA,NA,NA,0.388,0.388,0.868,0.868,0.003,0.033,"51","109","Louisa County","950101",NA,NA,"Louisa","Bumpus-Mountain Road District-Buckner","950101","9501.01","2699"
"40","Census Tract","51109950102","51","109",NA,NA,"Census Tract 9501.02",NA,NA,"G5020",NA,NA,NA,"S",215293097,12443347,"+37.9422749","-077.8689182","Census Tract 9501.02, Louisa County, Virginia","2021",4939,574,75.5,5.2,14.1,4.7,1.2,1.6,0.7,0.7,0,0.8,4.9,3.7,3.6,4.2,18.2,6.8,38.2,23.9,76000,26822,94,3.3,22,6.6,11.4,4.3,8.4,7,89.2,4.6,49.5,8.2,39821,12253,0.5181,0.0957,796,232,2646,205,212,96,185,150,72.5,34.7,86.4,6.6,30.1,8.5,8,0.04,3.7,0.03,83.6,5.6,18.4,3.5,5.8,3.1,52.8,7.81600921186765,22.9,4.4,NA,NA,NA,NA,NA,NA,NA,NA,NA,NA,865,243.23445479619,NA,NA,NA,NA,NA,NA,NA,NA,NA,NA,NA,0.507,0.508,0.627,0.773,0.278,0.075,"51","109","Louisa County","950102",NA,NA,"Louisa","Cuckoo District","950102","9501.02","4939"
"41","Census Tract","51109950201","51","109",NA,NA,"Census Tract 9502.01",NA,NA,"G5020",NA,NA,NA,"S",150004286,675522,"+38.0247871","-078.0107099","Census Tract 9502.01, Louisa County, Virginia","2021",5843,692,64.2,6.7,23,4,0.2,0.3,0.1,0.2,0,0.7,7,6.3,5.4,3.2,18,6.9,12.4,7.4,49503,4267,88.1,4.1,28.5,5.1,15.2,4.9,14.2,8.9,84.9,4.1,43.5,8.3,27332,5143,0.482,0.0744,118,65,2444,218,332,127,347,183,51.8,6.8,57.4,4.9,4.8,2.6,13.6,0.05,5.9,0.03,71.5,12.9,20.4,3.6,6.9,2.1,51.6,7.07672240518165,21.2,3.4,NA,NA,NA,NA,NA,NA,NA,NA,NA,NA,1070,198.748584900623,NA,NA,NA,NA,NA,NA,NA,NA,NA,NA,NA,0.123,0.294,0.633,0.678,0.237,0.081,"51","109","Louisa County","950201",NA,NA,"Louisa","Town of Louisa","950201","9502.01","5843"
"42","Census Tract","51109950202","51","109",NA,NA,"Census Tract 9502.02",NA,NA,"G5020",NA,NA,NA,"S",132679671,5375330,"+38.0383800","-077.9023595","Census Tract 9502.02, Louisa County, Virginia","2021",4717,545,77.1,7.5,13.6,5.8,0,0.8,0.4,0.6,0,0.8,3.1,2,5.8,4.6,8.8,3,9.7,6,79699,8527,89.9,4.1,21.9,4.2,6.2,2.5,6.6,3.5,94,3.1,40,7.5,33836,5896,0.3811,0.0574,513,206,2202,246,106,54,124,98,47.7,21.1,91.1,4.8,23.3,9,4.8,0.02,2.6,0.02,63.9,8.1,23.2,3.6,6,2.1,51.6,7.24706837279738,19.1,4,NA,NA,NA,NA,NA,NA,NA,NA,NA,NA,698,184.586023306208,NA,NA,NA,NA,NA,NA,NA,NA,NA,NA,NA,0.205,0.465,0.751,0.768,0.159,0.12,"51","109","Louisa County","950202",NA,NA,"Louisa","Mineral","950202","9502.02","4717"
"43","Census Tract","51109950301","51","109",NA,NA,"Census Tract 9503.01",NA,NA,"G5020",NA,NA,NA,"S",86633107,656791,"+38.0015438","-078.2195974","Census Tract 9503.01, Louisa County, Virginia","2021",3984,440,78.3,6.3,14.5,6.7,0.5,0.7,0,1,0,1,6.7,3.2,0,1,3.5,3.4,0,5.1,100357,19390,92.1,5.4,47.8,9.6,19.1,5.5,4.8,4.5,96.6,2.6,27.8,6.2,52535,12427,0.4099,0.11,68,83,1564,154,0,13,177,146,37.9,30,84,6.8,4.3,5.3,0,0.01,4.4,0.04,75.6,7.3,19.2,4.1,9.5,4.5,50.8,8.16884324736373,20.6,5.4,NA,NA,NA,NA,NA,NA,NA,NA,NA,NA,658,269.32136937124,NA,NA,NA,NA,NA,NA,NA,NA,NA,NA,NA,0.147,0,0.779,0,0.156,0,"51","109","Louisa County","950301",NA,NA,"Louisa","Zion Crossroads","950301","9503.01","3984"
"44","Census Tract","51109950302","51","109",NA,NA,"Census Tract 9503.02",NA,NA,"G5020",NA,NA,NA,"S",141869233,1354206,"+38.0454662","-078.1526854","Census Tract 9503.02, Louisa County, Virginia","2021",2909,551,83.8,6.9,8.3,2.7,0.3,0.6,0,1.4,0,1.4,4.8,4.9,2.7,4.2,14.1,10.4,20.5,21.3,75000,18606,90.2,4.9,18.7,8,8.5,5.9,2.3,2.3,92.8,3.7,30.4,11.9,42360,5543,0.3799,0.0642,509,206,1637,262,44,60,67,75,26.3,31.1,82.8,10.4,31.1,11.6,2.7,0.04,2.3,0.03,73.6,12.4,22.3,3.7,6.6,4.3,54.5,11.4188440745988,16.6,6.1,NA,NA,NA,NA,NA,NA,NA,NA,NA,NA,315,137.437258412703,NA,NA,NA,NA,NA,NA,NA,NA,NA,NA,NA,0.453,0.273,0.81,0.857,0.16,0.038,"51","109","Louisa County","950302",NA,NA,"Louisa","Green Springs","950302","9503.02","2909"
"45","Census Tract","51109950303","51","109",NA,NA,"Census Tract 9503.03",NA,NA,"G5020",NA,NA,NA,"S",108671302,2789574,"+38.1052660","-078.0689674","Census Tract 9503.03, Louisa County, Virginia","2021",3046,484,78.5,8.6,12.3,7.6,0,1.3,0,1.3,0,1.3,8.8,5.7,0.4,0.7,6.8,5,5.4,7.9,73450,9001,87.7,8.4,11.4,6,2.3,2,4.4,4.3,93.4,3,36.8,11.9,40359,5835,0.4374,0.1263,446,119,1407,134,34,40,57,56,5.6,18,83.1,12.2,31.7,7.9,2.4,0.03,1.9,0.02,64.8,15.1,20.5,4.1,13,5.1,52.3,10.7415082739809,14.3,6,NA,NA,NA,NA,NA,NA,NA,NA,NA,NA,350,162.852694174828,NA,NA,NA,NA,NA,NA,NA,NA,NA,NA,NA,0.618,0.305,0.597,0.942,0.251,0.006,"51","109","Louisa County","950303",NA,NA,"Louisa","Trevillians","950303","9503.03","3046"
"46","Census Tract","51109950400","51","109",NA,NA,"Census Tract 9504",NA,NA,"G5020",NA,NA,NA,"S",148202298,567038,"+37.9309386","-078.0503514","Census Tract 9504, Louisa County, Virginia","2021",3232,417,58.5,8.7,24.9,4.5,1.8,2.3,0,1.2,0.2,1.26491106406735,8.4,4.2,6.2,7.7,12.5,6.3,24.4,14.5,60568,6598,79.2,8.8,24.2,6.4,9.8,4.3,6.6,4.5,88.5,6.1,39.1,7.2,36675,9345,0.4813,0.0668,97,63,1320,156,161,79,149,188,8.8,15.2,86.9,7,7.3,4.7,12.2,0.06,4.6,0.06,72.9,9.6,19.4,3.1,3.5,2.4,58.9,9.24229408750879,18.1,2.8,NA,NA,NA,NA,NA,NA,NA,NA,NA,NA,759,207.723373744988,NA,NA,NA,NA,NA,NA,NA,NA,NA,NA,NA,0.021,0.362,0.586,0.558,0.25,0.088,"51","109","Louisa County","950400",NA,NA,"Louisa","Ferncliff-Shannon Hill (Yanceyville)","950400","9504","3232"
"47","Census Tract","51109950500","51","109",NA,NA,"Census Tract 9505",NA,NA,"G5020",NA,NA,NA,"S",218434070,1279957,"+37.8352210","-077.8200251","Census Tract 9505, Louisa County, Virginia","2021",5767,663,88.5,4.4,7.2,3.7,0,0.7,0,0.7,0.1,0.728010988928052,2.4,2,1.9,1.7,5.7,3.3,2.6,4.3,64841,10490,87.8,5.5,22.1,7.4,5.8,2.9,2.6,2.3,97.1,1.9,39.6,7.3,40513,5876,0.4028,0.047,257,155,2737,248,269,149,265,196,62.4,30.2,82.9,4,9.4,5.6,9.8,0.05,4.6,0.03,69.8,12.8,16.7,4.6,6.2,2.6,57.8,8.15659242576212,19.3,4.3,NA,NA,NA,NA,NA,NA,NA,NA,NA,NA,946,281.243666595356,NA,NA,NA,NA,NA,NA,NA,NA,NA,NA,NA,0.131,0.629,0.877,0.835,0.078,0.048,"51","109","Louisa County","950500",NA,NA,"Louisa","Gum Springs-Holly Grove","950500","9505","5767"
"48","Census Tract","51125950101","51","125",NA,NA,"Census Tract 9501.01",NA,NA,"G5020",NA,NA,NA,"S",360558780,6534591,"+37.6686084","-078.8095805","Census Tract 9501.01, Nelson County, Virginia","2021",3370,399,84.3,5.7,11.7,4.4,0,1.2,0,1.2,0,1.2,0,1.2,4,3.6,19,11.8,19.7,19.5,55463,9886,79.2,7.7,19.5,6,6.2,4.1,4.9,3.9,95.3,3.6,46.6,10.6,32073,3078,0.3982,0.0628,404,181,1610,150,176,92,73,73,0,15.1,85.7,5.6,25.1,11,10.9,0.06,2.2,0.02,77,10,22.3,4.3,11,3.8,47.6,8.15536633144091,19,5.1,NA,NA,NA,NA,NA,NA,NA,NA,NA,NA,544,215.079055233186,NA,NA,NA,NA,NA,NA,NA,NA,NA,NA,NA,0.455,0.509,0.796,0.903,0.201,0.088,"51","125","Nelson County","950101",NA,NA,"Nelson","Wintergreen-Wingina","950101","9501.01","3370"
"49","Census Tract","51125950102","51","125",NA,NA,"Census Tract 9501.02",NA,NA,"G5020",NA,NA,NA,"S",144152093,406620,"+37.7762845","-078.8099171","Census Tract 9501.02, Nelson County, Virginia","2021",2417,362,70.1,11.8,16.7,11.7,0,1.6,0,1.6,0,1.6,1.9,2.1,11.3,5,18.1,13.9,20.4,26.6,53281,29954,69.1,14.8,16,9.6,10,7.2,13.4,13.4,86.6,11.2,37,8.6,26481,17208,0.5771,0.0862,360,161,1224,166,250,138,122,164,38.8,47.9,73.1,13.7,29.4,12.5,20.4,0.11,5,0.07,71.5,20.5,17.7,3.9,12.4,5.1,52.3,11.3542943417898,17.5,6.2,NA,NA,NA,NA,NA,NA,NA,NA,NA,NA,374,146.976188547669,NA,NA,NA,NA,NA,NA,NA,NA,NA,NA,NA,0.679,0.036,0.475,0.733,0.434,0.116,"51","125","Nelson County","950102",NA,NA,"Nelson","Lovingston","950102","9501.02","2417"
"50","Census Tract","51125950201","51","125",NA,NA,"Census Tract 9502.01",NA,NA,"G5020",NA,NA,NA,"S",147276373,319437,"+37.9337208","-078.8186005","Census Tract 9502.01, Nelson County, Virginia","2021",2098,304,88.9,6.5,5.3,3.4,0,1.9,0,1.9,2.9,4.60977222864644,2.1,3,0.8,1.4,6.9,5.1,11,18.7,56651,17332,84.4,7.3,37.2,10.1,12,5.7,2.3,2.7,95.6,2.6,43.9,9.9,34484,7706,0.4742,0.0864,361,194,1366,212,74,55,25,30,14.2,19.9,78.2,9.7,26.4,13.6,5.4,0.04,1.2,0.01,72.5,17.4,16.3,5.4,3.6,3.9,50.8,10.2649890404228,29.3,8,NA,NA,NA,NA,NA,NA,NA,NA,NA,NA,209,111.758668567588,NA,NA,NA,NA,NA,NA,NA,NA,NA,NA,NA,0.679,0.321,0.754,0.971,0.141,0.012,"51","125","Nelson County","950201",NA,NA,"Nelson","Afton-Schuyler","950201","9502.01","2098"
"51","Census Tract","51125950202","51","125",NA,NA,"Census Tract 9502.02",NA,NA,"G5020",NA,NA,NA,"S",86195165,161196,"+37.9235289","-078.8935247","Census Tract 9502.02, Nelson County, Virginia","2021",2695,450,90.6,4.6,3.7,2.9,1.3,1.6,0,1.5,0,1.5,3.3,3,1,1.6,4.8,4.7,0,7.8,101406,24520,96,3.1,59.4,8.4,30.4,8.6,1.7,2.7,98,2,42.8,9.3,52515,8510,0.4859,0.0788,1950,243,3136,202,0,13,169,115,61.2,23.5,83.5,17.1,62.2,6.6,0,0,6.3,0.04,94.7,9.8,18.4,6,3.2,3,40.5,9.34826187052973,38,8.4,NA,NA,NA,NA,NA,NA,NA,NA,NA,NA,269,120.224789457083,NA,NA,NA,NA,NA,NA,NA,NA,NA,NA,NA,0.644,0.644,0.865,0.865,0.1,0.028,"51","125","Nelson County","950202",NA,NA,"Nelson","Wintergreen-Rockfish Valley","950202","9502.02","2695"
"52","Census Tract","51125950300","51","125",NA,NA,"Census Tract 9503",NA,NA,"G5020",NA,NA,NA,"S",481042131,1562136,"+37.8103720","-078.9920990","Census Tract 9503, Nelson County, Virginia","2021",4215,459,74.5,5.4,19.2,4.2,0,0.9,0.2,0.3,0,0.9,1.1,1.5,5,3.6,11.9,4.2,2.5,10.3,61230,11223,88.5,4.7,23,5.2,9.2,2.9,2.2,2.2,86,4.7,46.6,8.7,36856,5418,0.4597,0.0557,678,186,2566,209,388,168,158,110,28.9,15.1,68,5.2,26.4,6.9,15.1,0.06,3.7,0.03,85.4,8.6,13.5,3,5.4,2.5,50.3,7.78716893357271,30.7,5.1,NA,NA,NA,NA,NA,NA,NA,NA,NA,NA,623,200.207392470908,NA,NA,NA,NA,NA,NA,NA,NA,NA,NA,NA,0.435,0.413,0.609,0.627,0.294,0.071,"51","125","Nelson County","950300",NA,NA,"Nelson","Roseland","950300","9503","4215"
"53","Census Tract","51540000201","51","540",NA,NA,"Census Tract 2.01",NA,NA,"G5020",NA,NA,NA,"S",1225306,0,"+38.0418755","-078.4889991","Census Tract 2.01, Charlottesville city, Virginia","2021",2860,378,60.8,7.3,16.7,6.2,1.8,1.4,0,1.4,4.7,4.52216762183801,7.6,6.2,8.3,6.3,25.8,7.6,7,10.9,51688,17949,90.1,5.6,53,10.3,22.5,7.2,6,5,91.1,6.8,16.8,6.2,29484,6197,0.5093,0.0535,49,54,1330,195,54,41,292,197,51.4,16,25.6,5.5,3.7,4,4.1,0.03,10.2,0.07,87.6,9.1,11.2,4.9,25.3,7.1,53.4,11.3877126763894,10,4.2,NA,NA,NA,NA,NA,NA,NA,NA,NA,NA,229,104.77595143925,NA,NA,NA,NA,NA,NA,NA,NA,NA,NA,NA,0.643,0.316,0.405,0.572,0.334,0.109,"51","540","Charlottesville City","000201",NA,NA,"Charlottesville","Rose Hill-Harris-Venable","000201","2.01","2860"
"54","Census Tract","51540000202","51","540",NA,NA,"Census Tract 2.02",NA,NA,"G5020",NA,NA,NA,"S",946785,0,"+38.0361797","-078.4954501","Census Tract 2.02, Charlottesville city, Virginia","2021",5507,746,58,6.9,25.5,6.1,10.5,4.4,0.2,0.3,0,0.7,1.1,1,4.7,1.6,60.6,8.1,68,17.5,25185,8377,85.5,8.9,45.8,11.8,24.5,10.1,9,4.1,90,5.9,19.1,4.9,9721,3054,0.5815,0.0664,265,133,2058,259,406,167,858,310,76.4,10.8,8.4,6,12.9,6.3,19.7,0.08,15.6,0.05,90.2,6.2,12.8,3.2,52.9,6.6,29.9,6.97495519698872,4.2,2.6,NA,NA,NA,NA,NA,NA,NA,NA,NA,NA,376,156.400127877186,NA,NA,NA,NA,NA,NA,NA,NA,NA,NA,NA,0.442,0.244,0.477,0.667,0.413,0.073,"51","540","Charlottesville City","000202",NA,NA,"Charlottesville","10th & Page-Venable","000202","2.02","5507"
"55","Census Tract","51540000302","51","540",NA,NA,"Census Tract 3.02",NA,NA,"G5020",NA,NA,NA,"S",2040641,0,"+38.0286862","-078.4637725","Census Tract 3.02, Charlottesville city, Virginia","2021",2960,520,70.1,8.9,7.6,4.7,3.5,3.3,0.4,0.7,0.9,1.14017542509914,5.7,4.7,11.8,7.3,7.6,4.8,9.9,14.2,71806,15956,93.3,3.8,56.7,10.3,31.4,7.6,1.9,2.9,88.7,6.5,28.8,7.3,42560,10888,0.4274,0.0638,253,116,1794,200,113,76,414,228,47.2,15.8,42.9,9.2,14.1,6.3,6.3,0.04,14,0.07,74,3.3,13.6,3.5,5,3.4,64.6,12.0921462114879,16.9,4.9,NA,NA,NA,NA,NA,NA,NA,NA,NA,NA,282,128.872029548696,NA,NA,NA,NA,NA,NA,NA,NA,NA,NA,NA,0.041,0.294,0.72,0.658,0.079,0.145,"51","540","Charlottesville City","000302",NA,NA,"Charlottesville","Woolen Mills","000302","3.02","2960"
"56","Census Tract","51540000401","51","540",NA,NA,"Census Tract 4.01",NA,NA,"G5020",NA,NA,NA,"S",1611027,0,"+38.0213895","-078.4885492","Census Tract 4.01, Charlottesville city, Virginia","2021",3993,569,47.7,7.2,35.7,8.4,7.2,4.1,0,1,0,1,3.1,2.8,6.3,5.1,19.4,7,35.6,17.8,68750,24237,93.2,5.7,42.1,6.9,20,5.8,8.6,7.7,88.2,4.3,37.9,6.7,36199,5746,0.5359,0.0429,114,73,1547,136,336,116,563,231,49.3,19,52.4,8.4,7.4,4.7,21.7,0.07,14.1,0.05,75.4,13.3,23.4,4.6,4.8,2.8,60.6,8.85381273802422,11.1,3.9,NA,NA,NA,NA,NA,NA,NA,NA,NA,NA,382,145.509449864949,NA,NA,NA,NA,NA,NA,NA,NA,NA,NA,NA,0.087,0.228,0.474,0.459,0.358,0.071,"51","540","Charlottesville City","000401",NA,NA,"Charlottesville","Ridge St.","000401","4.01","3993"
"57","Census Tract","51540000402","51","540",NA,NA,"Census Tract 4.02",NA,NA,"G5020",NA,NA,NA,"S",1973697,0,"+38.0194581","-078.4746246","Census Tract 4.02, Charlottesville city, Virginia","2021",4313,436,77.4,3.8,18.5,3.5,1.5,1.6,0.3,0.5,0,0.9,1.1,0.9,1.3,1.6,8.8,5,11.2,22,63885,22020,88.2,3.8,47.8,7,23,6.1,6.1,4.4,96.3,2.8,24.8,5.7,38848,7548,0.4289,0.0412,52,58,2233,160,231,143,78,65,65.1,20.3,59,8.2,2.3,2.6,10.3,0.06,1.8,0.01,89.3,6.9,11.2,3.5,5.5,2.5,71.4,9.81121806912883,12,3.3,NA,NA,NA,NA,NA,NA,NA,NA,NA,NA,650,181.667278286432,NA,NA,NA,NA,NA,NA,NA,NA,NA,NA,NA,0.482,0.537,0.621,0.691,0.328,0.032,"51","540","Charlottesville City","000402",NA,NA,"Charlottesville","Belmont","000402","4.02","4313"
"58","Census Tract","51540000501","51","540",NA,NA,"Census Tract 5.01",NA,NA,"G5020",NA,NA,NA,"S",1232535,0,"+38.0260115","-078.4964927","Census Tract 5.01, Charlottesville city, Virginia","2021",4357,583,33.5,6.1,54.7,7.5,5.7,3.5,0,0.9,0.2,0.948683298050514,4,3,1.9,1.6,20.8,8,33.9,17.8,57241,9594,88.7,4.8,37.2,5.8,14.5,4.1,0.7,0.9,89.9,3.2,26,6.2,34917,4951,0.4075,0.0455,78,47,1704,199,250,118,722,352,48.2,12,39.5,8,4.6,2.7,14.7,0.07,16.6,0.08,87.1,7.3,24,4.4,8.6,4.2,61.2,8.8656641037206,6.4,2.1,NA,NA,NA,NA,NA,NA,NA,NA,NA,NA,418,161.922821121669,NA,NA,NA,NA,NA,NA,NA,NA,NA,NA,NA,0.063,0.2,0.334,0.318,0.547,0.023,"51","540","Charlottesville City","000501",NA,NA,"Charlottesville","Fifeville-Cherry Avenue","000501","5.01","4357"
"59","Census Tract","51540000502","51","540",NA,NA,"Census Tract 5.02",NA,NA,"G5020",NA,NA,NA,"S",3074294,1348,"+38.0173431","-078.5102613","Census Tract 5.02, Charlottesville city, Virginia","2021",5364,558,69.9,8.1,9.7,4.2,5.4,3.9,0,0.7,1,1.65529453572468,3.2,1.7,10.8,5.4,13.1,6.6,16.4,15.4,91429,28936,96.5,2.3,70.1,6.4,36.6,7.3,4.6,3.5,94.5,2.9,24.6,6.5,54783,5052,0.467,0.0576,217,115,2383,182,235,143,447,239,37.3,13.3,45.8,7.7,9.1,4.8,9.9,0.06,8.3,0.04,65.9,10.9,22.7,3.3,8.5,2.7,56.9,8.78635305459552,12,3.5,NA,NA,NA,NA,NA,NA,NA,NA,NA,NA,299,138.235306633291,NA,NA,NA,NA,NA,NA,NA,NA,NA,NA,NA,0.212,0.34,0.692,0.673,0.121,0.158,"51","540","Charlottesville City","000502",NA,NA,"Charlottesville","Fry's Springs","000502","5.02","5364"
"60","Census Tract","51540000600","51","540",NA,NA,"Census Tract 6",NA,NA,"G5020",NA,NA,NA,"S",969711,0,"+38.0284141","-078.5109364","Census Tract 6, Charlottesville city, Virginia","2021",3295,396,54,6.6,5.6,2.6,30,6.1,0.5,0.7,0,1.2,5,2.2,5,2.3,67.1,6.7,0,91.2,22908,9631,94.1,4.2,68.4,10.5,43.7,10.9,4.1,3,95.1,2.2,9.4,3,9395,4490,0.7051,0.083,180,107,1309,180,60,53,661,170,58.2,11.3,7.8,4,13.8,8,4.6,0.04,20.1,0.05,95.9,4.2,0.4,0.6,71.7,5.3,22.7,5.05173237612604,5.3,2.9,NA,NA,NA,NA,NA,NA,NA,NA,NA,NA,180,101.336074524327,NA,NA,NA,NA,NA,NA,NA,NA,NA,NA,NA,0.34,0.239,0.508,0.525,0.076,0.059,"51","540","Charlottesville City","000600",NA,NA,"Charlottesville","JPA-Fontaine","000600","6","3295"
"61","Census Tract","51540000700","51","540",NA,NA,"Census Tract 7",NA,NA,"G5020",NA,NA,NA,"S",3837151,0,"+38.0483021","-078.4981537","Census Tract 7, Charlottesville city, Virginia","2021",4456,382,80.4,4.2,5.1,2.5,8.1,2.5,0.5,0.9,0,0.9,2.6,1.5,3.3,1.7,19.3,5.6,3,4.6,78818,23031,96.3,3.3,81.6,6.7,52.8,5.5,3.9,3.2,96.1,2.1,14.3,5.1,24328,10174,0.6017,0.0553,238,112,1933,187,35,41,416,139,53.1,13.8,48.6,6,12.3,5.7,1.8,0.02,9.3,0.03,91.8,3,11.4,2.6,33.3,5.1,41.6,5.89321643926303,13.5,3.9,NA,NA,NA,NA,NA,NA,NA,NA,NA,NA,182,88.0567998510053,NA,NA,NA,NA,NA,NA,NA,NA,NA,NA,NA,0.215,0.09,0.795,0.813,0.06,0.035,"51","540","Charlottesville City","000700",NA,NA,"Charlottesville","Barracks-Rugby","000700","7","4456"
"62","Census Tract","51540000800","51","540",NA,NA,"Census Tract 8",NA,NA,"G5020",NA,NA,NA,"S",4162078,0,"+38.0597639","-078.4814726","Census Tract 8, Charlottesville city, Virginia","2021",3606,375,71.4,8.4,11.1,5,3.4,2.5,0,1.1,0.5,1.36014705087354,5.1,4,8.6,7.1,17.8,8,44.7,21.8,84125,26779,91.2,3.5,56.6,6.9,24.2,5.2,1,1.1,94.5,3.5,34.5,6.2,45808,6441,0.4853,0.0418,132,87,1673,148,178,89,368,149,42,14.5,68.1,6.7,7.9,5.2,10.6,0.05,10.2,0.04,92.8,2.4,22.5,4.1,1.8,1.5,55,8.31745153277132,20.7,3.9,NA,NA,NA,NA,NA,NA,NA,NA,NA,NA,279,106.784830383346,NA,NA,NA,NA,NA,NA,NA,NA,NA,NA,NA,0.53,0.675,0.537,0.468,0.173,0.18,"51","540","Charlottesville City","000800",NA,NA,"Charlottesville","Greenbrier-Meadows","000800","8","3606"
"63","Census Tract","51540000900","51","540",NA,NA,"Census Tract 9",NA,NA,"G5020",NA,NA,NA,"S",3276206,44772,"+38.0505939","-078.4525788","Census Tract 9, Charlottesville city, Virginia","2021",2101,280,80,9.4,8.9,7.6,6.8,6.1,0,1.9,0,1.9,0.9,1.1,3.4,3.1,7,3.8,0,15.7,84881,17678,92.5,5.8,61.3,8,26.4,6.1,3.4,2.6,95.8,3,26.3,6.9,48317,7243,0.4292,0.0748,202,117,1126,137,14,23,166,110,28,13.7,61.4,7.3,17.9,10.2,1.2,0.02,7.9,0.05,97,8.3,11.1,3.8,4.7,3.5,62.9,12.1737422348266,21.4,6.1,NA,NA,NA,NA,NA,NA,NA,NA,NA,NA,288,125.773606134197,NA,NA,NA,NA,NA,NA,NA,NA,NA,NA,NA,0.459,0.043,0.767,0.805,0.157,0.035,"51","540","Charlottesville City","000900",NA,NA,"Charlottesville","Locust Grove","000900","9","2101"
"64","Census Tract","51540001000","51","540",NA,NA,"Census Tract 10",NA,NA,"G5020",NA,NA,NA,"S",2185180,0,"+38.0351639","-078.4785701","Census Tract 10, Charlottesville city, Virginia","2021",3785,686,90.1,6,3.2,2.3,0.6,0.7,0,1,0.3,1.16619037896906,2.1,1.9,3.7,3.9,8.3,3.9,3.5,5.6,93943,9619,97.4,2,79.2,6.1,44.1,8.5,1.6,1.5,95.9,2.4,19.7,5.6,49103,6760,0.5346,0.0672,193,92,2195,267,65,56,246,180,33.3,7.6,32,7.2,8.8,4.1,3,0.03,6.5,0.05,71.5,18.6,16.9,4.6,4.2,2.4,60.2,11.7362685722507,18.7,4.9,NA,NA,NA,NA,NA,NA,NA,NA,NA,NA,292,98.6052736926378,NA,NA,NA,NA,NA,NA,NA,NA,NA,NA,NA,0.288,0.568,0.909,0.836,0.048,0.089,"51","540","Charlottesville City","001000",NA,NA,"Charlottesville","Downtown Area","001000","10","3785"
